date,day,plant,treatment,fw_g,leaves,area_cm2,height_cm,ec,ph,t_water,do_mgl,ppfd,notes,unit,block,dw_g,root_fw_g
2026-02-02,0,J01,EC 1.6,,4,10,3.4,1.66,5.77,20.2,8.7,222,,J01,B1,,
2026-02-02,0,J02,EC 0.8,,4,15,3.6,0.77,5.8,20.5,8.5,217,,J02,B1,,
2026-02-02,0,J03,EC 2.4,,4,13,3,2.53,5.86,19.7,8.6,212,,J03,B1,,
2026-02-02,0,J04,EC 2.4,,5,10,3.1,2.44,5.8,19.6,8.8,272,,J04,B2,,
2026-02-02,0,J05,EC 1.6,,4,10,3.9,1.6,5.81,20.4,8.6,274,,J05,B2,,
2026-02-02,0,J06,EC 0.8,,5,13,3.4,0.85,5.84,20.3,9,268,,J06,B2,,
2026-02-02,0,J07,EC 0.8,,4,11,3.2,0.83,5.76,20.2,8.6,259,,J07,B3,,
2026-02-02,0,J08,EC 2.4,,4,11,3,2.45,5.86,20.3,8.6,276,,J08,B3,,
2026-02-02,0,J09,EC 1.6,,4,11,3.9,1.64,5.82,20.4,8.7,256,,J09,B3,,
2026-02-02,0,J10,EC 1.6,,5,10,3.7,1.66,5.87,19.7,8.5,212,,J10,B4,,
2026-02-02,0,J11,EC 2.4,,5,14,3,2.37,5.89,20.5,8.6,203,,J11,B4,,
2026-02-02,0,J12,EC 0.8,,3,13,3.9,0.78,5.79,20.4,8.7,201,,J12,B4,,
2026-02-05,3,J01,EC 1.6,,,,,1.62,5.86,20.2,,,,J01,B1,,
2026-02-05,3,J02,EC 0.8,,,,,0.77,5.85,20.4,,,,J02,B1,,
2026-02-05,3,J03,EC 2.4,,,,,2.56,5.81,20,,,,J03,B1,,
2026-02-05,3,J04,EC 2.4,,,,,2.42,5.85,19.8,,,,J04,B2,,
2026-02-05,3,J05,EC 1.6,,,,,1.64,5.83,20.1,,,,J05,B2,,
2026-02-05,3,J06,EC 0.8,,,,,0.82,5.89,20.2,,,,J06,B2,,
2026-02-05,3,J07,EC 0.8,,,,,0.84,5.82,20.4,,,,J07,B3,,
2026-02-05,3,J08,EC 2.4,,,,,2.43,5.74,20.2,,,,J08,B3,,
2026-02-05,3,J09,EC 1.6,,,,,1.61,5.81,20,,,,J09,B3,,
2026-02-05,3,J10,EC 1.6,,,,,1.62,5.85,19.7,,,,J10,B4,,
2026-02-05,3,J11,EC 2.4,,,,,2.34,5.83,19.8,,,,J11,B4,,
2026-02-05,3,J12,EC 0.8,,,,,0.76,5.88,19.7,,,,J12,B4,,
2026-02-09,7,J01,EC 1.6,,9,36,7.2,1.64,5.91,19.9,8.1,,,J01,B1,,
2026-02-09,7,J02,EC 0.8,,9,57,6.9,0.77,5.92,20.3,8.2,,,J02,B1,,
2026-02-09,7,J03,EC 2.4,,7,50,7.1,2.45,5.84,20.6,7.9,,,J03,B1,,
2026-02-09,7,J04,EC 2.4,,7,43,7.7,2.4,5.83,20.2,8.6,,,J04,B2,,
2026-02-09,7,J05,EC 1.6,,8,43,6.7,1.57,5.85,19.8,7.6,,,J05,B2,,
2026-02-09,7,J06,EC 0.8,,9,55,6.1,0.78,5.94,20.2,8,,,J06,B2,,
2026-02-09,7,J07,EC 0.8,,9,45,6.5,0.76,5.97,20.8,8.3,,,J07,B3,,
2026-02-09,7,J08,EC 2.4,,9,43,7.9,2.46,5.85,20.7,8.4,,,J08,B3,,
2026-02-09,7,J09,EC 1.6,,8,43,7.7,1.59,5.84,20.6,8,,,J09,B3,,
2026-02-09,7,J10,EC 1.6,,8,39,7.4,1.6,5.88,20,8.3,,,J10,B4,,
2026-02-09,7,J11,EC 2.4,,8,51,7.2,2.45,5.89,20.4,8,,,J11,B4,,
2026-02-09,7,J12,EC 0.8,,9,48,6.3,0.76,5.93,20.7,8.2,,,J12,B4,,
2026-02-12,10,J01,EC 1.6,,,,,1.6,5.96,20,,,,J01,B1,,
2026-02-12,10,J02,EC 0.8,,,,,0.8,5.94,20.2,,,,J02,B1,,
2026-02-12,10,J03,EC 2.4,,,,,2.53,5.88,20,,,,J03,B1,,
2026-02-12,10,J04,EC 2.4,,,,,2.45,5.87,20.4,,,,J04,B2,,
2026-02-12,10,J05,EC 1.6,,,,,1.57,5.93,20,,,,J05,B2,,
2026-02-12,10,J06,EC 0.8,,,,,0.78,5.96,19.6,,,,J06,B2,,
2026-02-12,10,J07,EC 0.8,,,,,0.81,5.97,20.8,,,,J07,B3,,
2026-02-12,10,J08,EC 2.4,,,,,2.42,5.89,20.1,,,,J08,B3,,
2026-02-12,10,J09,EC 1.6,,,,,1.61,5.95,20.5,,,,J09,B3,,
2026-02-12,10,J10,EC 1.6,,,,,1.61,5.89,20.3,,,,J10,B4,,
2026-02-12,10,J11,EC 2.4,,,,,2.37,5.89,20,,,,J11,B4,,
2026-02-12,10,J12,EC 0.8,,,,,0.72,5.96,20.1,,,,J12,B4,,
2026-02-16,14,J01,EC 1.6,,13,117,9.9,1.62,5.96,20.6,7.7,219,,J01,B1,,
2026-02-16,14,J02,EC 0.8,,11,161,8.8,0.78,5.95,19.8,7.6,219,,J02,B1,,
2026-02-16,14,J03,EC 2.4,,12,157,9.7,2.52,5.96,20.4,7.5,211,,J03,B1,,
2026-02-16,14,J04,EC 2.4,,11,155,9.9,2.47,5.93,20.1,7.4,259,,J04,B2,,
2026-02-16,14,J05,EC 1.6,,13,137,10.1,1.6,5.99,20.2,7.8,264,,J05,B2,,
2026-02-16,14,J06,EC 0.8,,11,177,8.4,0.78,5.98,20.1,7.6,259,,J06,B2,,
2026-02-16,14,J07,EC 0.8,,13,137,9,0.87,6.03,19.9,7.3,259,,J07,B3,,
2026-02-16,14,J08,EC 2.4,,12,141,10,2.44,5.91,20.4,7.7,253,,J08,B3,,
2026-02-16,14,J09,EC 1.6,,13,167,9.9,1.61,6,19.9,7.7,262,,J09,B3,,
2026-02-16,14,J10,EC 1.6,,13,143,10.2,1.61,5.93,19.8,7.5,207,,J10,B4,,
2026-02-16,14,J11,EC 2.4,,12,153,9.9,2.45,5.97,20.1,7.8,206,,J11,B4,,
2026-02-16,14,J12,EC 0.8,,13,140,9.6,0.78,6,19.7,7.3,209,,J12,B4,,
2026-02-19,17,J01,EC 1.6,,,,,1.6,6,23.7,,,,J01,B1,,
2026-02-19,17,J02,EC 0.8,,,,,0.76,6.02,23.7,,,,J02,B1,,
2026-02-19,17,J03,EC 2.4,,,,,2.59,5.88,23.7,,,,J03,B1,,
2026-02-19,17,J04,EC 2.4,,,,,2.48,5.97,23.2,,,,J04,B2,,
2026-02-19,17,J05,EC 1.6,,,,,1.63,6,23.4,,,,J05,B2,,
2026-02-19,17,J06,EC 0.8,,,,,0.83,6.13,22.8,,,,J06,B2,,
2026-02-19,17,J07,EC 0.8,,,,,0.8,6,23.7,,,,J07,B3,,
2026-02-19,17,J08,EC 2.4,,,,,2.45,5.96,23.4,,,,J08,B3,,
2026-02-19,17,J09,EC 1.6,,,,,1.69,5.99,23.9,,,,J09,B3,,
2026-02-19,17,J10,EC 1.6,,,,,1.63,6,23.9,,,,J10,B4,,
2026-02-19,17,J11,EC 2.4,,,,,2.48,5.89,23.2,,,,J11,B4,,
2026-02-19,17,J12,EC 0.8,,,,,0.82,6.09,23.7,,,,J12,B4,,
2026-02-23,21,J01,EC 1.6,,16,300,11.8,1.64,6.08,23.6,6.5,,,J01,B1,,
2026-02-23,21,J02,EC 0.8,,17,308,10,0.75,6.09,22.8,6.3,,,J02,B1,,
2026-02-23,21,J03,EC 2.4,,16,333,12.1,2.57,5.97,23.6,6.6,,,J03,B1,,
2026-02-23,21,J04,EC 2.4,,17,343,11.5,2.53,6,23.2,6.4,,,J04,B2,,
2026-02-23,21,J05,EC 1.6,,17,349,12.4,1.64,6.06,23.5,6.4,,,J05,B2,,
2026-02-23,21,J06,EC 0.8,,15,358,10.4,0.76,6.16,23.6,6.4,,,J06,B2,,
2026-02-23,21,J07,EC 0.8,,18,,10.6,0.79,6.13,22.9,6.4,,"photo blurred, area not measured",J07,B3,,
2026-02-23,21,J08,EC 2.4,,17,336,12.3,2.57,5.94,23.3,6.3,,,J08,B3,,
2026-02-23,21,J09,EC 1.6,,15,344,12.1,1.64,6.07,23.1,6.6,,,J09,B3,,
2026-02-23,21,J10,EC 1.6,,16,314,11.3,1.6,6.02,23.1,6.6,,,J10,B4,,
2026-02-23,21,J11,EC 2.4,,15,361,11.9,2.52,5.98,23.1,6.7,,,J11,B4,,
2026-02-23,21,J12,EC 0.8,,16,269,10.4,0.82,6.22,22.9,6.3,,,J12,B4,,
2026-02-26,24,J01,EC 1.6,,,,,1.71,6.13,20.3,,,,J01,B1,,
2026-02-26,24,J02,EC 0.8,,,,,0.74,6.17,20.2,,,,J02,B1,,
2026-02-26,24,J03,EC 2.4,,,,,2.7,6.01,20.1,,,,J03,B1,,
2026-02-26,24,J04,EC 2.4,,,,,2.61,5.99,19.8,,,,J04,B2,,
2026-02-26,24,J05,EC 1.6,,,,,1.65,6,19.7,,,,J05,B2,,
2026-02-26,24,J06,EC 0.8,,,,,0.78,6.19,19.8,,,,J06,B2,,
2026-02-26,24,J07,EC 0.8,,,,,0.81,6.2,20.2,,,,J07,B3,,
2026-02-26,24,J08,EC 2.4,,,,,2.67,6.04,20.1,,,,J08,B3,,
2026-02-26,24,J09,EC 1.6,,,,,1.67,6.07,20,,,,J09,B3,,
2026-02-26,24,J10,EC 1.6,,,,,1.62,6.01,20.4,,,,J10,B4,,
2026-02-26,24,J11,EC 2.4,,,,,2.6,6.06,20.1,,,,J11,B4,,
2026-02-26,24,J12,EC 0.8,,,,,0.75,6.17,20.8,,,,J12,B4,,
2026-03-02,28,J01,EC 1.6,,21,449,12.9,1.67,6.13,20.6,6.3,213,,J01,B1,,
2026-03-02,28,J02,EC 0.8,,20,410,10.5,0.72,6.23,20.2,6.3,227,,J02,B1,,
2026-03-02,28,J03,EC 2.4,,21,448,11.8,2.81,5.99,20,6.6,221,,J03,B1,,
2026-03-02,28,J04,EC 2.4,,20,496,13.2,2.74,6.01,20.1,6.5,251,,J04,B2,,
2026-03-02,28,J05,EC 1.6,,21,504,12.9,1.7,6.1,20.3,6.5,251,,J05,B2,,
2026-03-02,28,J06,EC 0.8,,20,431,11.3,0.71,6.22,19.9,7,267,,J06,B2,,
2026-03-02,28,J07,EC 0.8,,20,443,9.7,0.84,6.28,20,6.1,263,,J07,B3,,
2026-03-02,28,J08,EC 2.4,,20,516,12.7,2.8,5.91,19.2,6.3,262,,J08,B3,,
2026-03-02,28,J09,EC 1.6,,21,524,12.5,1.74,6.12,20.4,6.5,266,,J09,B3,,
2026-03-02,28,J10,EC 1.6,,19,461,12.5,1.71,6.15,19.9,6.7,210,,J10,B4,,
2026-03-02,28,J11,EC 2.4,,21,485,12.9,2.69,6.02,20.2,6.4,208,,J11,B4,,
2026-03-02,28,J12,EC 0.8,,20,319,10.5,0.71,6.24,20.3,6.5,203,,J12,B4,,
2026-03-05,31,J01,EC 1.6,,,,,1.65,6.22,19,,,,J01,B1,,
2026-03-05,31,J02,EC 0.8,,,,,0.69,6.31,19.4,,,,J02,B1,,
2026-03-05,31,J03,EC 2.4,,,,,2.9,6.05,20.2,,,,J03,B1,,
2026-03-05,31,J04,EC 2.4,,,,,2.95,6,20.7,,,,J04,B2,,
2026-03-05,31,J05,EC 1.6,,,,,1.76,6.15,21.1,,,,J05,B2,,
2026-03-05,31,J06,EC 0.8,,,,,0.73,6.26,19.5,,,,J06,B2,,
2026-03-05,31,J07,EC 0.8,,,,,0.8,6.32,20.5,,,,J07,B3,,
2026-03-05,31,J08,EC 2.4,,,,,2.88,6.05,20.4,,,,J08,B3,,
2026-03-05,31,J09,EC 1.6,,,,,1.82,6.12,20.2,,,,J09,B3,,
2026-03-05,31,J10,EC 1.6,,,,,1.72,6.15,19.9,,,,J10,B4,,
2026-03-05,31,J11,EC 2.4,,,,,2.88,6.05,20.2,,,,J11,B4,,
2026-03-05,31,J12,EC 0.8,,,,,0.73,6.3,19.5,,,,J12,B4,,
2026-03-09,35,J01,EC 1.6,183.8,24,517,13.8,1.78,6.21,20.3,5.6,,harvest,J01,B1,9.02,29.2
2026-03-09,35,J02,EC 0.8,153.4,24,426,11.8,0.68,6.37,20.2,6,,harvest,J02,B1,7.04,28.4
2026-03-09,35,J03,EC 2.4,163.4,25,450,13,3.17,6.09,20.4,6,,harvest: slight tipburn on 2 inner leaves,J03,B1,7.53,22.8
2026-03-09,35,J04,EC 2.4,204.4,25,574,12.9,3.34,6.09,20.9,5.7,,harvest: slight tipburn on 2 inner leaves,J04,B2,12.16,28.5
2026-03-09,35,J05,EC 1.6,225.4,25,614,13.3,1.93,6.15,20.3,5.7,,harvest,J05,B2,10.01,31.2
2026-03-09,35,J06,EC 0.8,168.2,23,465,10.9,0.72,6.4,20.2,6,,harvest,J06,B2,7.95,37.2
2026-03-09,35,J07,EC 0.8,172.4,25,474,11.8,0.69,6.33,20.6,5.8,,harvest,J07,B3,7.89,31.3
2026-03-09,35,J08,EC 2.4,195.4,26,545,13.8,3.34,6.07,20.3,6.3,,harvest: slight tipburn on 2 inner leaves,J08,B3,11.59,20.5
2026-03-09,35,J09,EC 1.6,210.6,25,562,13.2,2,6.17,19.7,5.9,,harvest,J09,B3,9.67,31.3
2026-03-09,35,J10,EC 1.6,201.4,25,531,13.7,1.84,6.19,20,6.1,,harvest,J10,B4,9.75,34.2
2026-03-09,35,J11,EC 2.4,209.9,25,561,13.8,3.17,6.04,20.6,6,,harvest,J11,B4,11.29,25.9
2026-03-09,35,J12,EC 0.8,144.4,25,370,11.1,0.75,6.31,20.3,6,,harvest,J12,B4,6.37,27.1
