date,unit,water_l,kwh,air_t,rh,notes
2026-02-02,ALL,,0,21.6,47,"energy meter reset at transplanting; lamp 95 W at the plug, timer 06:00–22:00"
2026-02-09,ALL,,10.66,21.2,46,
2026-02-09,J01,0.05,,,,
2026-02-09,J02,0.07,,,,
2026-02-09,J03,0.06,,,,
2026-02-09,J04,0.05,,,,
2026-02-09,J05,0.05,,,,
2026-02-09,J06,0.07,,,,
2026-02-09,J07,0.05,,,,
2026-02-09,J08,0.05,,,,
2026-02-09,J09,0.06,,,,
2026-02-09,J10,0.05,,,,
2026-02-09,J11,0.06,,,,
2026-02-09,J12,0.06,,,,
2026-02-16,ALL,,21.34,21.3,44,
2026-02-16,J01,0.17,,,,
2026-02-16,J02,0.24,,,,
2026-02-16,J03,0.21,,,,
2026-02-16,J04,0.2,,,,
2026-02-16,J05,0.2,,,,
2026-02-16,J06,0.27,,,,
2026-02-16,J07,0.21,,,,
2026-02-16,J08,0.2,,,,
2026-02-16,J09,0.24,,,,
2026-02-16,J10,0.19,,,,
2026-02-16,J11,0.21,,,,
2026-02-16,J12,0.19,,,,
2026-02-23,ALL,,31.95,23.6,49,warm week (radiator)
2026-02-23,J01,0.52,,,,
2026-02-23,J02,0.61,,,,
2026-02-23,J03,0.6,,,,
2026-02-23,J04,0.63,,,,
2026-02-23,J05,0.66,,,,
2026-02-23,J06,0.72,,,,
2026-02-23,J07,0.58,,,,
2026-02-23,J08,0.61,,,,
2026-02-23,J09,0.74,,,,
2026-02-23,J10,0.57,,,,
2026-02-23,J11,0.64,,,,
2026-02-23,J12,0.51,,,,
2026-03-02,ALL,,42.62,21.2,45,
2026-03-02,J01,0.88,,,,
2026-03-02,J02,0.85,,,,
2026-03-02,J03,0.84,,,,
2026-03-02,J04,1,,,,
2026-03-02,J05,1.11,,,,
2026-03-02,J06,1.01,,,,
2026-03-02,J07,0.88,,,,
2026-03-02,J08,0.94,,,,
2026-03-02,J09,1.13,,,,
2026-03-02,J10,0.94,,,,
2026-03-02,J11,0.96,,,,
2026-03-02,J12,0.68,,,,
2026-03-09,ALL,,53.29,20.8,42,
2026-03-09,J01,1.19,,,,final weighing before harvest
2026-03-09,J02,0.98,,,,final weighing before harvest
2026-03-09,J03,1.04,,,,final weighing before harvest
2026-03-09,J04,1.18,,,,final weighing before harvest
2026-03-09,J05,1.43,,,,final weighing before harvest
2026-03-09,J06,1.12,,,,final weighing before harvest
2026-03-09,J07,1.09,,,,final weighing before harvest
2026-03-09,J08,1.24,,,,final weighing before harvest
2026-03-09,J09,1.45,,,,final weighing before harvest
2026-03-09,J10,1.17,,,,final weighing before harvest
2026-03-09,J11,1.15,,,,final weighing before harvest
2026-03-09,J12,0.8,,,,final weighing before harvest
